{
  "Workflows": [
    {
      "Path": null,
      "SortBy": 0,
      "VariablesSectionElementsOrder": [],
      "ArgumentsSectionElementsOrder": null,
      "ConstantsSectionElementsOrder": [],
      "AddedNamespaces": null
    },
    {
      "Path": "Main.xaml",
      "SortBy": 0,
      "VariablesSectionElementsOrder": [
        "OCR_API_Key&Sequence_1",
        "TextDT&Sequence_1",
        "ResumeDT&Sequence_1",
        "ResponseList&Sequence_2",
        "QuestionList&Sequence_2",
        "ResumeText&Sequence_2",
        "ResumeFolder&Sequence_1"
      ],
      "ArgumentsSectionElementsOrder": [],
      "ConstantsSectionElementsOrder": [],
      "AddedNamespaces": null
    }
  ]
}